{"0":{"0.0":0.198757764,"1.0":0.1614906832,"2.0":0.0372670807,"3.0":0.1428571429,"4.0":0.0683229814,"5.0":0.0745341615,"6.0":0.0124223602,"7.0":0.0621118012,"8.0":0.0372670807,"9.0":0.0310559006,"10.0":0.0124223602,"11.0":0.0062111801,"12.0":0.0062111801,"13.0":0.0,"15.0":0.0,"16.0":0.0931677019,"17.0":0.0062111801,"18.0":0.0,"19.0":0.0,"20.0":0.0,"21.0":0.0,"22.0":0.0,"23.0":0.0,"24.0":0.0434782609,"25.0":0.0,"26.0":0.0062111801,"27.0":0.0,"28.0":0.0},"1":{"0.0":0.115942029,"1.0":0.2512077295,"2.0":0.0241545894,"3.0":0.115942029,"4.0":0.0241545894,"5.0":0.0917874396,"6.0":0.0096618357,"7.0":0.0628019324,"8.0":0.0338164251,"9.0":0.0531400966,"10.0":0.0096618357,"11.0":0.0096618357,"12.0":0.0048309179,"13.0":0.0,"15.0":0.0048309179,"16.0":0.077294686,"17.0":0.038647343,"18.0":0.0048309179,"19.0":0.0048309179,"20.0":0.0,"21.0":0.0048309179,"22.0":0.0,"23.0":0.0,"24.0":0.0434782609,"25.0":0.0048309179,"26.0":0.0048309179,"27.0":0.0048309179,"28.0":0.0},"2":{"0.0":0.1142857143,"1.0":0.1857142857,"2.0":0.0857142857,"3.0":0.2428571429,"4.0":0.0285714286,"5.0":0.0142857143,"6.0":0.0285714286,"7.0":0.1,"8.0":0.0428571429,"9.0":0.0428571429,"10.0":0.0142857143,"11.0":0.0142857143,"12.0":0.0,"13.0":0.0,"15.0":0.0,"16.0":0.0571428571,"17.0":0.0,"18.0":0.0142857143,"19.0":0.0,"20.0":0.0,"21.0":0.0,"22.0":0.0,"23.0":0.0,"24.0":0.0142857143,"25.0":0.0,"26.0":0.0,"27.0":0.0,"28.0":0.0},"3":{"0.0":0.0337423313,"1.0":0.1104294479,"2.0":0.0736196319,"3.0":0.3496932515,"4.0":0.0122699387,"5.0":0.0521472393,"6.0":0.0122699387,"7.0":0.1625766871,"8.0":0.0398773006,"9.0":0.027607362,"10.0":0.018404908,"11.0":0.0214723926,"12.0":0.0,"13.0":0.0061349693,"15.0":0.0030674847,"16.0":0.0153374233,"17.0":0.009202454,"18.0":0.0030674847,"19.0":0.0122699387,"20.0":0.0,"21.0":0.0030674847,"22.0":0.0030674847,"23.0":0.0,"24.0":0.0245398773,"25.0":0.0,"26.0":0.0030674847,"27.0":0.0,"28.0":0.0030674847},"4":{"0.0":0.112244898,"1.0":0.0306122449,"2.0":0.0204081633,"3.0":0.0816326531,"4.0":0.2551020408,"5.0":0.1326530612,"6.0":0.0714285714,"7.0":0.1632653061,"8.0":0.0204081633,"9.0":0.0102040816,"10.0":0.0102040816,"11.0":0.0102040816,"12.0":0.0204081633,"13.0":0.0,"15.0":0.0102040816,"16.0":0.0204081633,"17.0":0.0,"18.0":0.0,"19.0":0.0,"20.0":0.0102040816,"21.0":0.0,"22.0":0.0,"23.0":0.0,"24.0":0.0102040816,"25.0":0.0,"26.0":0.0,"27.0":0.0,"28.0":0.0102040816},"5":{"0.0":0.0942028986,"1.0":0.0579710145,"2.0":0.0144927536,"3.0":0.0724637681,"4.0":0.1666666667,"5.0":0.2391304348,"6.0":0.0144927536,"7.0":0.2173913043,"8.0":0.0144927536,"9.0":0.0144927536,"10.0":0.0217391304,"11.0":0.0,"12.0":0.0217391304,"13.0":0.0072463768,"15.0":0.0,"16.0":0.0217391304,"17.0":0.0,"18.0":0.0,"19.0":0.0,"20.0":0.0072463768,"21.0":0.0,"22.0":0.0,"23.0":0.0,"24.0":0.0144927536,"25.0":0.0,"26.0":0.0,"27.0":0.0,"28.0":0.0},"6":{"0.0":0.0476190476,"1.0":0.0476190476,"2.0":0.0,"3.0":0.0476190476,"4.0":0.119047619,"5.0":0.0952380952,"6.0":0.2380952381,"7.0":0.3095238095,"8.0":0.0238095238,"9.0":0.0238095238,"10.0":0.0,"11.0":0.0,"12.0":0.0,"13.0":0.0,"15.0":0.0,"16.0":0.0,"17.0":0.0,"18.0":0.0,"19.0":0.0,"20.0":0.0238095238,"21.0":0.0238095238,"22.0":0.0,"23.0":0.0,"24.0":0.0,"25.0":0.0,"26.0":0.0,"27.0":0.0,"28.0":0.0},"7":{"0.0":0.0258302583,"1.0":0.0701107011,"2.0":0.0258302583,"3.0":0.1955719557,"4.0":0.0442804428,"5.0":0.0885608856,"6.0":0.0221402214,"7.0":0.3911439114,"8.0":0.0147601476,"9.0":0.0221402214,"10.0":0.0110701107,"11.0":0.0073800738,"12.0":0.0073800738,"13.0":0.0,"15.0":0.0110701107,"16.0":0.0221402214,"17.0":0.0110701107,"18.0":0.0036900369,"19.0":0.0,"20.0":0.0036900369,"21.0":0.0036900369,"22.0":0.0,"23.0":0.0073800738,"24.0":0.0073800738,"25.0":0.0,"26.0":0.0,"27.0":0.0036900369,"28.0":0.0},"8":{"0.0":0.16,"1.0":0.08,"2.0":0.0533333333,"3.0":0.1333333333,"4.0":0.04,"5.0":0.04,"6.0":0.0,"7.0":0.04,"8.0":0.0933333333,"9.0":0.0133333333,"10.0":0.04,"11.0":0.0266666667,"12.0":0.0133333333,"13.0":0.0266666667,"15.0":0.0,"16.0":0.0933333333,"17.0":0.0533333333,"18.0":0.04,"19.0":0.0,"20.0":0.0,"21.0":0.0,"22.0":0.0,"23.0":0.0,"24.0":0.04,"25.0":0.0,"26.0":0.0133333333,"27.0":0.0,"28.0":0.0},"9":{"0.0":0.0833333333,"1.0":0.1666666667,"2.0":0.0208333333,"3.0":0.1041666667,"4.0":0.0208333333,"5.0":0.0416666667,"6.0":0.0,"7.0":0.0208333333,"8.0":0.0625,"9.0":0.0208333333,"10.0":0.0208333333,"11.0":0.0,"12.0":0.0,"13.0":0.0208333333,"15.0":0.0,"16.0":0.1458333333,"17.0":0.0833333333,"18.0":0.0,"19.0":0.0208333333,"20.0":0.0,"21.0":0.0,"22.0":0.0,"23.0":0.0,"24.0":0.1666666667,"25.0":0.0,"26.0":0.0,"27.0":0.0,"28.0":0.0},"10":{"0.0":0.1290322581,"1.0":0.0967741935,"2.0":0.0,"3.0":0.2903225806,"4.0":0.0322580645,"5.0":0.064516129,"6.0":0.0322580645,"7.0":0.064516129,"8.0":0.0,"9.0":0.0322580645,"10.0":0.0322580645,"11.0":0.0322580645,"12.0":0.0,"13.0":0.0,"15.0":0.0,"16.0":0.0967741935,"17.0":0.0322580645,"18.0":0.0,"19.0":0.0,"20.0":0.0,"21.0":0.0,"22.0":0.0,"23.0":0.0322580645,"24.0":0.0322580645,"25.0":0.0,"26.0":0.0,"27.0":0.0,"28.0":0.0},"11":{"0.0":0.0625,"1.0":0.09375,"2.0":0.03125,"3.0":0.125,"4.0":0.0,"5.0":0.0625,"6.0":0.03125,"7.0":0.15625,"8.0":0.09375,"9.0":0.0,"10.0":0.03125,"11.0":0.03125,"12.0":0.0,"13.0":0.0,"15.0":0.0,"16.0":0.125,"17.0":0.03125,"18.0":0.09375,"19.0":0.0,"20.0":0.0,"21.0":0.0,"22.0":0.0,"23.0":0.0,"24.0":0.0,"25.0":0.03125,"26.0":0.0,"27.0":0.0,"28.0":0.0},"12":{"0.0":0.1875,"1.0":0.0,"2.0":0.0,"3.0":0.0625,"4.0":0.1875,"5.0":0.1875,"6.0":0.0625,"7.0":0.0,"8.0":0.0625,"9.0":0.0,"10.0":0.0,"11.0":0.0,"12.0":0.0625,"13.0":0.0625,"15.0":0.0,"16.0":0.0,"17.0":0.0,"18.0":0.0,"19.0":0.0,"20.0":0.0625,"21.0":0.0,"22.0":0.0,"23.0":0.0,"24.0":0.0625,"25.0":0.0,"26.0":0.0,"27.0":0.0,"28.0":0.0},"13":{"0.0":0.1111111111,"1.0":0.1111111111,"2.0":0.0,"3.0":0.2222222222,"4.0":0.0,"5.0":0.1111111111,"6.0":0.1111111111,"7.0":0.0,"8.0":0.0,"9.0":0.0,"10.0":0.0,"11.0":0.0,"12.0":0.1111111111,"13.0":0.0,"15.0":0.0,"16.0":0.0,"17.0":0.0,"18.0":0.0,"19.0":0.0,"20.0":0.1111111111,"21.0":0.0,"22.0":0.0,"23.0":0.0,"24.0":0.1111111111,"25.0":0.0,"26.0":0.0,"27.0":0.0,"28.0":0.0},"15":{"0.0":0.0,"1.0":0.0,"2.0":0.1428571429,"3.0":0.0,"4.0":0.1428571429,"5.0":0.0,"6.0":0.0,"7.0":0.0,"8.0":0.0,"9.0":0.0,"10.0":0.1428571429,"11.0":0.0,"12.0":0.0,"13.0":0.0,"15.0":0.0,"16.0":0.2857142857,"17.0":0.0,"18.0":0.0,"19.0":0.1428571429,"20.0":0.0,"21.0":0.0,"22.0":0.0,"23.0":0.0,"24.0":0.0,"25.0":0.1428571429,"26.0":0.0,"27.0":0.0,"28.0":0.0},"16":{"0.0":0.1238938053,"1.0":0.0973451327,"2.0":0.0619469027,"3.0":0.1327433628,"4.0":0.0088495575,"5.0":0.0088495575,"6.0":0.0265486726,"7.0":0.0265486726,"8.0":0.0796460177,"9.0":0.0088495575,"10.0":0.0088495575,"11.0":0.017699115,"12.0":0.017699115,"13.0":0.0,"15.0":0.0,"16.0":0.1592920354,"17.0":0.0353982301,"18.0":0.017699115,"19.0":0.017699115,"20.0":0.0088495575,"21.0":0.0,"22.0":0.0,"23.0":0.0,"24.0":0.1415929204,"25.0":0.0,"26.0":0.0,"27.0":0.0,"28.0":0.0},"17":{"0.0":0.1428571429,"1.0":0.2285714286,"2.0":0.0,"3.0":0.0857142857,"4.0":0.0,"5.0":0.0,"6.0":0.0,"7.0":0.0,"8.0":0.0285714286,"9.0":0.0285714286,"10.0":0.0285714286,"11.0":0.0571428571,"12.0":0.0,"13.0":0.0,"15.0":0.0,"16.0":0.0857142857,"17.0":0.0571428571,"18.0":0.0,"19.0":0.0285714286,"20.0":0.0,"21.0":0.0,"22.0":0.0,"23.0":0.0,"24.0":0.2,"25.0":0.0285714286,"26.0":0.0,"27.0":0.0,"28.0":0.0},"18":{"0.0":0.0,"1.0":0.0588235294,"2.0":0.0588235294,"3.0":0.1764705882,"4.0":0.0,"5.0":0.0,"6.0":0.0,"7.0":0.2941176471,"8.0":0.0588235294,"9.0":0.0,"10.0":0.0,"11.0":0.0,"12.0":0.0,"13.0":0.0,"15.0":0.0,"16.0":0.1176470588,"17.0":0.0588235294,"18.0":0.0588235294,"19.0":0.0588235294,"20.0":0.0,"21.0":0.0,"22.0":0.0,"23.0":0.0,"24.0":0.0588235294,"25.0":0.0,"26.0":0.0,"27.0":0.0,"28.0":0.0},"19":{"0.0":0.125,"1.0":0.125,"2.0":0.0,"3.0":0.1875,"4.0":0.0,"5.0":0.0,"6.0":0.0,"7.0":0.125,"8.0":0.0,"9.0":0.0625,"10.0":0.0,"11.0":0.0,"12.0":0.0,"13.0":0.0,"15.0":0.0,"16.0":0.0625,"17.0":0.0,"18.0":0.0,"19.0":0.0,"20.0":0.0,"21.0":0.0625,"22.0":0.0,"23.0":0.0,"24.0":0.1875,"25.0":0.0625,"26.0":0.0,"27.0":0.0,